{
  "Time": 7672,
  "Amount": 1,
  "V1": 0.7027099001,
  "V2": 2.426432806,
  "V3": -5.2345132958,
  "V4": 4.4166612429,
  "V5": -2.1708062159,
  "V6": -2.6675535612,
  "V7": -3.8780884548,
  "V8": 0.9113371222,
  "V9": -0.1661990392,
  "V10": -5.0092485021,
  "V11": 4.6757294187,
  "V12": -8.1671880517,
  "V13": 0.6385592822,
  "V14": -6.7633343906,
  "V15": 1.2968602561,
  "V16": -3.8117584098,
  "V17": -3.7541280662,
  "V18": -1.0491774023,
  "V19": 1.5541972635,
  "V20": 0.4227431292,
  "V21": 0.5511796891,
  "V22": -0.0098023573,
  "V23": 0.7216982301,
  "V24": 0.4732457514,
  "V25": -1.9593037712,
  "V26": 0.3194755401,
  "V27": 0.6004849165,
  "V28": 0.1293052251
}